Gyro Contract,Dependency Contract,Path
Gyro2CLPMath,Gyro2CLPPoolErrors,contracts/2clp/Gyro2CLPPoolErrors.sol
Gyro2CLPMath,GyroFixedPoint,libraries/GyroFixedPoint.sol
Gyro2CLPMath,GyroPoolMath,libraries/GyroPoolMath.sol
Gyro2CLPMath,Errors,node_modules/@balancer-labs/v2-solidity-utils/contracts/helpers/BalancerErrors.sol
Gyro2CLPMath,LogExpMath,node_modules/@balancer-labs/v2-solidity-utils/contracts/math/LogExpMath.sol
Gyro2CLPMath,Math,node_modules/@balancer-labs/v2-solidity-utils/contracts/math/Math.sol
Gyro2CLPOracleMath,GyroFixedPoint,libraries/GyroFixedPoint.sol
Gyro2CLPOracleMath,Errors,node_modules/@balancer-labs/v2-solidity-utils/contracts/helpers/BalancerErrors.sol
Gyro2CLPOracleMath,LogCompression,node_modules/@balancer-labs/v2-solidity-utils/contracts/helpers/LogCompression.sol
Gyro2CLPOracleMath,LogExpMath,node_modules/@balancer-labs/v2-solidity-utils/contracts/math/LogExpMath.sol
Gyro2CLPOracleMath,Math,node_modules/@balancer-labs/v2-solidity-utils/contracts/math/Math.sol
Gyro2CLPPool,Gyro2CLPMath,contracts/2clp/Gyro2CLPMath.sol
Gyro2CLPPool,Gyro2CLPOracleMath,contracts/2clp/Gyro2CLPOracleMath.sol
Gyro2CLPPool,Gyro2CLPPoolErrors,contracts/2clp/Gyro2CLPPoolErrors.sol
Gyro2CLPPool,CappedLiquidity,contracts/CappedLiquidity.sol
Gyro2CLPPool,ExtensibleWeightedPool2Tokens,contracts/ExtensibleWeightedPool2Tokens.sol
Gyro2CLPPool,LocallyPausable,contracts/LocallyPausable.sol
Gyro2CLPPool,ICappedLiquidity,interfaces/ICappedLiquidity.sol
Gyro2CLPPool,IGyroConfig,interfaces/IGyroConfig.sol
Gyro2CLPPool,ILocallyPausable,interfaces/ILocallyPausable.sol
Gyro2CLPPool,GyroConfigKeys,libraries/GyroConfigKeys.sol
Gyro2CLPPool,GyroErrors,libraries/GyroErrors.sol
Gyro2CLPPool,GyroFixedPoint,libraries/GyroFixedPoint.sol
Gyro2CLPPool,GyroPoolMath,libraries/GyroPoolMath.sol
Gyro2CLPPool,BalancerPoolToken,node_modules/@balancer-labs/v2-pool-utils/contracts/BalancerPoolToken.sol
Gyro2CLPPool,BasePoolAuthorization,node_modules/@balancer-labs/v2-pool-utils/contracts/BasePoolAuthorization.sol
Gyro2CLPPool,IPoolPriceOracle,node_modules/@balancer-labs/v2-pool-utils/contracts/interfaces/IPoolPriceOracle.sol
Gyro2CLPPool,IPriceOracle,node_modules/@balancer-labs/v2-pool-utils/contracts/interfaces/IPriceOracle.sol
Gyro2CLPPool,Buffer,node_modules/@balancer-labs/v2-pool-utils/contracts/oracle/Buffer.sol
Gyro2CLPPool,PoolPriceOracle,node_modules/@balancer-labs/v2-pool-utils/contracts/oracle/PoolPriceOracle.sol
Gyro2CLPPool,QueryProcessor,node_modules/@balancer-labs/v2-pool-utils/contracts/oracle/QueryProcessor.sol
Gyro2CLPPool,Samples,node_modules/@balancer-labs/v2-pool-utils/contracts/oracle/Samples.sol
Gyro2CLPPool,WeightedMath,node_modules/@balancer-labs/v2-pool-weighted/contracts/WeightedMath.sol
Gyro2CLPPool,WeightedPool2TokensMiscData,node_modules/@balancer-labs/v2-pool-weighted/contracts/WeightedPool2TokensMiscData.sol
Gyro2CLPPool,WeightedPoolUserDataHelpers,node_modules/@balancer-labs/v2-pool-weighted/contracts/WeightedPoolUserDataHelpers.sol
Gyro2CLPPool,Authentication,node_modules/@balancer-labs/v2-solidity-utils/contracts/helpers/Authentication.sol
Gyro2CLPPool,Errors,node_modules/@balancer-labs/v2-solidity-utils/contracts/helpers/BalancerErrors.sol
Gyro2CLPPool,IAuthentication,node_modules/@balancer-labs/v2-solidity-utils/contracts/helpers/IAuthentication.sol
Gyro2CLPPool,ISignaturesValidator,node_modules/@balancer-labs/v2-solidity-utils/contracts/helpers/ISignaturesValidator.sol
Gyro2CLPPool,ITemporarilyPausable,node_modules/@balancer-labs/v2-solidity-utils/contracts/helpers/ITemporarilyPausable.sol
Gyro2CLPPool,InputHelpers,node_modules/@balancer-labs/v2-solidity-utils/contracts/helpers/InputHelpers.sol
Gyro2CLPPool,LogCompression,node_modules/@balancer-labs/v2-solidity-utils/contracts/helpers/LogCompression.sol
Gyro2CLPPool,TemporarilyPausable,node_modules/@balancer-labs/v2-solidity-utils/contracts/helpers/TemporarilyPausable.sol
Gyro2CLPPool,WordCodec,node_modules/@balancer-labs/v2-solidity-utils/contracts/helpers/WordCodec.sol
Gyro2CLPPool,FixedPoint,node_modules/@balancer-labs/v2-solidity-utils/contracts/math/FixedPoint.sol
Gyro2CLPPool,LogExpMath,node_modules/@balancer-labs/v2-solidity-utils/contracts/math/LogExpMath.sol
Gyro2CLPPool,Math,node_modules/@balancer-labs/v2-solidity-utils/contracts/math/Math.sol
Gyro2CLPPool,IWETH,node_modules/@balancer-labs/v2-solidity-utils/contracts/misc/IWETH.sol
Gyro2CLPPool,EIP712,node_modules/@balancer-labs/v2-solidity-utils/contracts/openzeppelin/EIP712.sol
Gyro2CLPPool,ERC20,node_modules/@balancer-labs/v2-solidity-utils/contracts/openzeppelin/ERC20.sol
Gyro2CLPPool,ERC20Permit,node_modules/@balancer-labs/v2-solidity-utils/contracts/openzeppelin/ERC20Permit.sol
Gyro2CLPPool,IERC20,node_modules/@balancer-labs/v2-solidity-utils/contracts/openzeppelin/IERC20.sol
Gyro2CLPPool,IERC20Permit,node_modules/@balancer-labs/v2-solidity-utils/contracts/openzeppelin/IERC20Permit.sol
Gyro2CLPPool,SafeMath,node_modules/@balancer-labs/v2-solidity-utils/contracts/openzeppelin/SafeMath.sol
Gyro2CLPPool,IAsset,node_modules/@balancer-labs/v2-vault/contracts/interfaces/IAsset.sol
Gyro2CLPPool,IAuthorizer,node_modules/@balancer-labs/v2-vault/contracts/interfaces/IAuthorizer.sol
Gyro2CLPPool,IBasePool,node_modules/@balancer-labs/v2-vault/contracts/interfaces/IBasePool.sol
Gyro2CLPPool,IFlashLoanRecipient,node_modules/@balancer-labs/v2-vault/contracts/interfaces/IFlashLoanRecipient.sol
Gyro2CLPPool,IMinimalSwapInfoPool,node_modules/@balancer-labs/v2-vault/contracts/interfaces/IMinimalSwapInfoPool.sol
Gyro2CLPPool,IPoolSwapStructs,node_modules/@balancer-labs/v2-vault/contracts/interfaces/IPoolSwapStructs.sol
Gyro2CLPPool,IProtocolFeesCollector,node_modules/@balancer-labs/v2-vault/contracts/interfaces/IProtocolFeesCollector.sol
Gyro2CLPPool,IVault,node_modules/@balancer-labs/v2-vault/contracts/interfaces/IVault.sol
Gyro2CLPPoolFactory,Gyro2CLPMath,contracts/2clp/Gyro2CLPMath.sol
Gyro2CLPPoolFactory,Gyro2CLPOracleMath,contracts/2clp/Gyro2CLPOracleMath.sol
Gyro2CLPPoolFactory,Gyro2CLPPool,contracts/2clp/Gyro2CLPPool.sol
Gyro2CLPPoolFactory,Gyro2CLPPoolErrors,contracts/2clp/Gyro2CLPPoolErrors.sol
Gyro2CLPPoolFactory,CappedLiquidity,contracts/CappedLiquidity.sol
Gyro2CLPPoolFactory,ExtensibleWeightedPool2Tokens,contracts/ExtensibleWeightedPool2Tokens.sol
Gyro2CLPPoolFactory,LocallyPausable,contracts/LocallyPausable.sol
Gyro2CLPPoolFactory,ICappedLiquidity,interfaces/ICappedLiquidity.sol
Gyro2CLPPoolFactory,IGyro2CLPPoolFactory,interfaces/IGyro2CLPPoolFactory.sol
Gyro2CLPPoolFactory,IGyroConfig,interfaces/IGyroConfig.sol
Gyro2CLPPoolFactory,ILocallyPausable,interfaces/ILocallyPausable.sol
Gyro2CLPPoolFactory,GyroConfigKeys,libraries/GyroConfigKeys.sol
Gyro2CLPPoolFactory,GyroErrors,libraries/GyroErrors.sol
Gyro2CLPPoolFactory,GyroFixedPoint,libraries/GyroFixedPoint.sol
Gyro2CLPPoolFactory,GyroPoolMath,libraries/GyroPoolMath.sol
Gyro2CLPPoolFactory,BalancerPoolToken,node_modules/@balancer-labs/v2-pool-utils/contracts/BalancerPoolToken.sol
Gyro2CLPPoolFactory,BasePoolAuthorization,node_modules/@balancer-labs/v2-pool-utils/contracts/BasePoolAuthorization.sol
Gyro2CLPPoolFactory,BasePoolSplitCodeFactory,node_modules/@balancer-labs/v2-pool-utils/contracts/factories/BasePoolSplitCodeFactory.sol
Gyro2CLPPoolFactory,FactoryWidePauseWindow,node_modules/@balancer-labs/v2-pool-utils/contracts/factories/FactoryWidePauseWindow.sol
Gyro2CLPPoolFactory,IPoolPriceOracle,node_modules/@balancer-labs/v2-pool-utils/contracts/interfaces/IPoolPriceOracle.sol
Gyro2CLPPoolFactory,IPriceOracle,node_modules/@balancer-labs/v2-pool-utils/contracts/interfaces/IPriceOracle.sol
Gyro2CLPPoolFactory,Buffer,node_modules/@balancer-labs/v2-pool-utils/contracts/oracle/Buffer.sol
Gyro2CLPPoolFactory,PoolPriceOracle,node_modules/@balancer-labs/v2-pool-utils/contracts/oracle/PoolPriceOracle.sol
Gyro2CLPPoolFactory,QueryProcessor,node_modules/@balancer-labs/v2-pool-utils/contracts/oracle/QueryProcessor.sol
Gyro2CLPPoolFactory,Samples,node_modules/@balancer-labs/v2-pool-utils/contracts/oracle/Samples.sol
Gyro2CLPPoolFactory,WeightedMath,node_modules/@balancer-labs/v2-pool-weighted/contracts/WeightedMath.sol
Gyro2CLPPoolFactory,WeightedPool2TokensMiscData,node_modules/@balancer-labs/v2-pool-weighted/contracts/WeightedPool2TokensMiscData.sol
Gyro2CLPPoolFactory,WeightedPoolUserDataHelpers,node_modules/@balancer-labs/v2-pool-weighted/contracts/WeightedPoolUserDataHelpers.sol
Gyro2CLPPoolFactory,Authentication,node_modules/@balancer-labs/v2-solidity-utils/contracts/helpers/Authentication.sol
Gyro2CLPPoolFactory,Errors,node_modules/@balancer-labs/v2-solidity-utils/contracts/helpers/BalancerErrors.sol
Gyro2CLPPoolFactory,BaseSplitCodeFactory,node_modules/@balancer-labs/v2-solidity-utils/contracts/helpers/BaseSplitCodeFactory.sol
Gyro2CLPPoolFactory,CodeDeployer,node_modules/@balancer-labs/v2-solidity-utils/contracts/helpers/CodeDeployer.sol
Gyro2CLPPoolFactory,IAuthentication,node_modules/@balancer-labs/v2-solidity-utils/contracts/helpers/IAuthentication.sol
Gyro2CLPPoolFactory,ISignaturesValidator,node_modules/@balancer-labs/v2-solidity-utils/contracts/helpers/ISignaturesValidator.sol
Gyro2CLPPoolFactory,ITemporarilyPausable,node_modules/@balancer-labs/v2-solidity-utils/contracts/helpers/ITemporarilyPausable.sol
Gyro2CLPPoolFactory,InputHelpers,node_modules/@balancer-labs/v2-solidity-utils/contracts/helpers/InputHelpers.sol
Gyro2CLPPoolFactory,LogCompression,node_modules/@balancer-labs/v2-solidity-utils/contracts/helpers/LogCompression.sol
Gyro2CLPPoolFactory,TemporarilyPausable,node_modules/@balancer-labs/v2-solidity-utils/contracts/helpers/TemporarilyPausable.sol
Gyro2CLPPoolFactory,WordCodec,node_modules/@balancer-labs/v2-solidity-utils/contracts/helpers/WordCodec.sol
Gyro2CLPPoolFactory,FixedPoint,node_modules/@balancer-labs/v2-solidity-utils/contracts/math/FixedPoint.sol
Gyro2CLPPoolFactory,LogExpMath,node_modules/@balancer-labs/v2-solidity-utils/contracts/math/LogExpMath.sol
Gyro2CLPPoolFactory,Math,node_modules/@balancer-labs/v2-solidity-utils/contracts/math/Math.sol
Gyro2CLPPoolFactory,IWETH,node_modules/@balancer-labs/v2-solidity-utils/contracts/misc/IWETH.sol
Gyro2CLPPoolFactory,EIP712,node_modules/@balancer-labs/v2-solidity-utils/contracts/openzeppelin/EIP712.sol
Gyro2CLPPoolFactory,ERC20,node_modules/@balancer-labs/v2-solidity-utils/contracts/openzeppelin/ERC20.sol
Gyro2CLPPoolFactory,ERC20Permit,node_modules/@balancer-labs/v2-solidity-utils/contracts/openzeppelin/ERC20Permit.sol
Gyro2CLPPoolFactory,IERC20,node_modules/@balancer-labs/v2-solidity-utils/contracts/openzeppelin/IERC20.sol
Gyro2CLPPoolFactory,IERC20Permit,node_modules/@balancer-labs/v2-solidity-utils/contracts/openzeppelin/IERC20Permit.sol
Gyro2CLPPoolFactory,SafeMath,node_modules/@balancer-labs/v2-solidity-utils/contracts/openzeppelin/SafeMath.sol
Gyro2CLPPoolFactory,IAsset,node_modules/@balancer-labs/v2-vault/contracts/interfaces/IAsset.sol
Gyro2CLPPoolFactory,IAuthorizer,node_modules/@balancer-labs/v2-vault/contracts/interfaces/IAuthorizer.sol
Gyro2CLPPoolFactory,IBasePool,node_modules/@balancer-labs/v2-vault/contracts/interfaces/IBasePool.sol
Gyro2CLPPoolFactory,IFlashLoanRecipient,node_modules/@balancer-labs/v2-vault/contracts/interfaces/IFlashLoanRecipient.sol
Gyro2CLPPoolFactory,IMinimalSwapInfoPool,node_modules/@balancer-labs/v2-vault/contracts/interfaces/IMinimalSwapInfoPool.sol
Gyro2CLPPoolFactory,IPoolSwapStructs,node_modules/@balancer-labs/v2-vault/contracts/interfaces/IPoolSwapStructs.sol
Gyro2CLPPoolFactory,IProtocolFeesCollector,node_modules/@balancer-labs/v2-vault/contracts/interfaces/IProtocolFeesCollector.sol
Gyro2CLPPoolFactory,IVault,node_modules/@balancer-labs/v2-vault/contracts/interfaces/IVault.sol
ExtensibleBaseWeightedPool,GyroFixedPoint,libraries/GyroFixedPoint.sol
ExtensibleBaseWeightedPool,IAssetManager,node_modules/@balancer-labs/v2-asset-manager-utils/contracts/IAssetManager.sol
ExtensibleBaseWeightedPool,BalancerPoolToken,node_modules/@balancer-labs/v2-pool-utils/contracts/BalancerPoolToken.sol
ExtensibleBaseWeightedPool,BaseMinimalSwapInfoPool,node_modules/@balancer-labs/v2-pool-utils/contracts/BaseMinimalSwapInfoPool.sol
ExtensibleBaseWeightedPool,BasePool,node_modules/@balancer-labs/v2-pool-utils/contracts/BasePool.sol
ExtensibleBaseWeightedPool,BasePoolAuthorization,node_modules/@balancer-labs/v2-pool-utils/contracts/BasePoolAuthorization.sol
ExtensibleBaseWeightedPool,WeightedMath,node_modules/@balancer-labs/v2-pool-weighted/contracts/WeightedMath.sol
ExtensibleBaseWeightedPool,WeightedPoolUserDataHelpers,node_modules/@balancer-labs/v2-pool-weighted/contracts/WeightedPoolUserDataHelpers.sol
ExtensibleBaseWeightedPool,Authentication,node_modules/@balancer-labs/v2-solidity-utils/contracts/helpers/Authentication.sol
ExtensibleBaseWeightedPool,Errors,node_modules/@balancer-labs/v2-solidity-utils/contracts/helpers/BalancerErrors.sol
ExtensibleBaseWeightedPool,IAuthentication,node_modules/@balancer-labs/v2-solidity-utils/contracts/helpers/IAuthentication.sol
ExtensibleBaseWeightedPool,ISignaturesValidator,node_modules/@balancer-labs/v2-solidity-utils/contracts/helpers/ISignaturesValidator.sol
ExtensibleBaseWeightedPool,ITemporarilyPausable,node_modules/@balancer-labs/v2-solidity-utils/contracts/helpers/ITemporarilyPausable.sol
ExtensibleBaseWeightedPool,InputHelpers,node_modules/@balancer-labs/v2-solidity-utils/contracts/helpers/InputHelpers.sol
ExtensibleBaseWeightedPool,TemporarilyPausable,node_modules/@balancer-labs/v2-solidity-utils/contracts/helpers/TemporarilyPausable.sol
ExtensibleBaseWeightedPool,WordCodec,node_modules/@balancer-labs/v2-solidity-utils/contracts/helpers/WordCodec.sol
ExtensibleBaseWeightedPool,FixedPoint,node_modules/@balancer-labs/v2-solidity-utils/contracts/math/FixedPoint.sol
ExtensibleBaseWeightedPool,LogExpMath,node_modules/@balancer-labs/v2-solidity-utils/contracts/math/LogExpMath.sol
ExtensibleBaseWeightedPool,Math,node_modules/@balancer-labs/v2-solidity-utils/contracts/math/Math.sol
ExtensibleBaseWeightedPool,IWETH,node_modules/@balancer-labs/v2-solidity-utils/contracts/misc/IWETH.sol
ExtensibleBaseWeightedPool,EIP712,node_modules/@balancer-labs/v2-solidity-utils/contracts/openzeppelin/EIP712.sol
ExtensibleBaseWeightedPool,ERC20,node_modules/@balancer-labs/v2-solidity-utils/contracts/openzeppelin/ERC20.sol
ExtensibleBaseWeightedPool,ERC20Permit,node_modules/@balancer-labs/v2-solidity-utils/contracts/openzeppelin/ERC20Permit.sol
ExtensibleBaseWeightedPool,IERC20,node_modules/@balancer-labs/v2-solidity-utils/contracts/openzeppelin/IERC20.sol
ExtensibleBaseWeightedPool,IERC20Permit,node_modules/@balancer-labs/v2-solidity-utils/contracts/openzeppelin/IERC20Permit.sol
ExtensibleBaseWeightedPool,SafeMath,node_modules/@balancer-labs/v2-solidity-utils/contracts/openzeppelin/SafeMath.sol
ExtensibleBaseWeightedPool,IAsset,node_modules/@balancer-labs/v2-vault/contracts/interfaces/IAsset.sol
ExtensibleBaseWeightedPool,IAuthorizer,node_modules/@balancer-labs/v2-vault/contracts/interfaces/IAuthorizer.sol
ExtensibleBaseWeightedPool,IBasePool,node_modules/@balancer-labs/v2-vault/contracts/interfaces/IBasePool.sol
ExtensibleBaseWeightedPool,IFlashLoanRecipient,node_modules/@balancer-labs/v2-vault/contracts/interfaces/IFlashLoanRecipient.sol
ExtensibleBaseWeightedPool,IMinimalSwapInfoPool,node_modules/@balancer-labs/v2-vault/contracts/interfaces/IMinimalSwapInfoPool.sol
ExtensibleBaseWeightedPool,IPoolSwapStructs,node_modules/@balancer-labs/v2-vault/contracts/interfaces/IPoolSwapStructs.sol
ExtensibleBaseWeightedPool,IProtocolFeesCollector,node_modules/@balancer-labs/v2-vault/contracts/interfaces/IProtocolFeesCollector.sol
ExtensibleBaseWeightedPool,IVault,node_modules/@balancer-labs/v2-vault/contracts/interfaces/IVault.sol
Gyro3CLPMath,Gyro3CLPPoolErrors,contracts/3clp/Gyro3CLPPoolErrors.sol
Gyro3CLPMath,GyroFixedPoint,libraries/GyroFixedPoint.sol
Gyro3CLPMath,GyroPoolMath,libraries/GyroPoolMath.sol
Gyro3CLPMath,Errors,node_modules/@balancer-labs/v2-solidity-utils/contracts/helpers/BalancerErrors.sol
Gyro3CLPMath,LogExpMath,node_modules/@balancer-labs/v2-solidity-utils/contracts/math/LogExpMath.sol
Gyro3CLPMath,Math,node_modules/@balancer-labs/v2-solidity-utils/contracts/math/Math.sol
Gyro3CLPPool,ExtensibleBaseWeightedPool,contracts/3clp/ExtensibleBaseWeightedPool.sol
Gyro3CLPPool,Gyro3CLPMath,contracts/3clp/Gyro3CLPMath.sol
Gyro3CLPPool,Gyro3CLPPoolErrors,contracts/3clp/Gyro3CLPPoolErrors.sol
Gyro3CLPPool,CappedLiquidity,contracts/CappedLiquidity.sol
Gyro3CLPPool,LocallyPausable,contracts/LocallyPausable.sol
Gyro3CLPPool,ICappedLiquidity,interfaces/ICappedLiquidity.sol
Gyro3CLPPool,IGyroConfig,interfaces/IGyroConfig.sol
Gyro3CLPPool,ILocallyPausable,interfaces/ILocallyPausable.sol
Gyro3CLPPool,GyroConfigKeys,libraries/GyroConfigKeys.sol
Gyro3CLPPool,GyroErrors,libraries/GyroErrors.sol
Gyro3CLPPool,GyroFixedPoint,libraries/GyroFixedPoint.sol
Gyro3CLPPool,GyroPoolMath,libraries/GyroPoolMath.sol
Gyro3CLPPool,IAssetManager,node_modules/@balancer-labs/v2-asset-manager-utils/contracts/IAssetManager.sol
Gyro3CLPPool,BalancerPoolToken,node_modules/@balancer-labs/v2-pool-utils/contracts/BalancerPoolToken.sol
Gyro3CLPPool,BaseMinimalSwapInfoPool,node_modules/@balancer-labs/v2-pool-utils/contracts/BaseMinimalSwapInfoPool.sol
Gyro3CLPPool,BasePool,node_modules/@balancer-labs/v2-pool-utils/contracts/BasePool.sol
Gyro3CLPPool,BasePoolAuthorization,node_modules/@balancer-labs/v2-pool-utils/contracts/BasePoolAuthorization.sol
Gyro3CLPPool,WeightedMath,node_modules/@balancer-labs/v2-pool-weighted/contracts/WeightedMath.sol
Gyro3CLPPool,WeightedPoolUserDataHelpers,node_modules/@balancer-labs/v2-pool-weighted/contracts/WeightedPoolUserDataHelpers.sol
Gyro3CLPPool,Authentication,node_modules/@balancer-labs/v2-solidity-utils/contracts/helpers/Authentication.sol
Gyro3CLPPool,Errors,node_modules/@balancer-labs/v2-solidity-utils/contracts/helpers/BalancerErrors.sol
Gyro3CLPPool,IAuthentication,node_modules/@balancer-labs/v2-solidity-utils/contracts/helpers/IAuthentication.sol
Gyro3CLPPool,ISignaturesValidator,node_modules/@balancer-labs/v2-solidity-utils/contracts/helpers/ISignaturesValidator.sol
Gyro3CLPPool,ITemporarilyPausable,node_modules/@balancer-labs/v2-solidity-utils/contracts/helpers/ITemporarilyPausable.sol
Gyro3CLPPool,InputHelpers,node_modules/@balancer-labs/v2-solidity-utils/contracts/helpers/InputHelpers.sol
Gyro3CLPPool,TemporarilyPausable,node_modules/@balancer-labs/v2-solidity-utils/contracts/helpers/TemporarilyPausable.sol
Gyro3CLPPool,WordCodec,node_modules/@balancer-labs/v2-solidity-utils/contracts/helpers/WordCodec.sol
Gyro3CLPPool,FixedPoint,node_modules/@balancer-labs/v2-solidity-utils/contracts/math/FixedPoint.sol
Gyro3CLPPool,LogExpMath,node_modules/@balancer-labs/v2-solidity-utils/contracts/math/LogExpMath.sol
Gyro3CLPPool,Math,node_modules/@balancer-labs/v2-solidity-utils/contracts/math/Math.sol
Gyro3CLPPool,IWETH,node_modules/@balancer-labs/v2-solidity-utils/contracts/misc/IWETH.sol
Gyro3CLPPool,EIP712,node_modules/@balancer-labs/v2-solidity-utils/contracts/openzeppelin/EIP712.sol
Gyro3CLPPool,ERC20,node_modules/@balancer-labs/v2-solidity-utils/contracts/openzeppelin/ERC20.sol
Gyro3CLPPool,ERC20Permit,node_modules/@balancer-labs/v2-solidity-utils/contracts/openzeppelin/ERC20Permit.sol
Gyro3CLPPool,IERC20,node_modules/@balancer-labs/v2-solidity-utils/contracts/openzeppelin/IERC20.sol
Gyro3CLPPool,IERC20Permit,node_modules/@balancer-labs/v2-solidity-utils/contracts/openzeppelin/IERC20Permit.sol
Gyro3CLPPool,SafeMath,node_modules/@balancer-labs/v2-solidity-utils/contracts/openzeppelin/SafeMath.sol
Gyro3CLPPool,IAsset,node_modules/@balancer-labs/v2-vault/contracts/interfaces/IAsset.sol
Gyro3CLPPool,IAuthorizer,node_modules/@balancer-labs/v2-vault/contracts/interfaces/IAuthorizer.sol
Gyro3CLPPool,IBasePool,node_modules/@balancer-labs/v2-vault/contracts/interfaces/IBasePool.sol
Gyro3CLPPool,IFlashLoanRecipient,node_modules/@balancer-labs/v2-vault/contracts/interfaces/IFlashLoanRecipient.sol
Gyro3CLPPool,IMinimalSwapInfoPool,node_modules/@balancer-labs/v2-vault/contracts/interfaces/IMinimalSwapInfoPool.sol
Gyro3CLPPool,IPoolSwapStructs,node_modules/@balancer-labs/v2-vault/contracts/interfaces/IPoolSwapStructs.sol
Gyro3CLPPool,IProtocolFeesCollector,node_modules/@balancer-labs/v2-vault/contracts/interfaces/IProtocolFeesCollector.sol
Gyro3CLPPool,IVault,node_modules/@balancer-labs/v2-vault/contracts/interfaces/IVault.sol
Gyro3CLPPoolFactory,ExtensibleBaseWeightedPool,contracts/3clp/ExtensibleBaseWeightedPool.sol
Gyro3CLPPoolFactory,Gyro3CLPMath,contracts/3clp/Gyro3CLPMath.sol
Gyro3CLPPoolFactory,Gyro3CLPPool,contracts/3clp/Gyro3CLPPool.sol
Gyro3CLPPoolFactory,Gyro3CLPPoolErrors,contracts/3clp/Gyro3CLPPoolErrors.sol
Gyro3CLPPoolFactory,CappedLiquidity,contracts/CappedLiquidity.sol
Gyro3CLPPoolFactory,LocallyPausable,contracts/LocallyPausable.sol
Gyro3CLPPoolFactory,ICappedLiquidity,interfaces/ICappedLiquidity.sol
Gyro3CLPPoolFactory,IGyro3CLPPoolFactory,interfaces/IGyro3CLPPoolFactory.sol
Gyro3CLPPoolFactory,IGyroConfig,interfaces/IGyroConfig.sol
Gyro3CLPPoolFactory,ILocallyPausable,interfaces/ILocallyPausable.sol
Gyro3CLPPoolFactory,GyroConfigKeys,libraries/GyroConfigKeys.sol
Gyro3CLPPoolFactory,GyroErrors,libraries/GyroErrors.sol
Gyro3CLPPoolFactory,GyroFixedPoint,libraries/GyroFixedPoint.sol
Gyro3CLPPoolFactory,GyroPoolMath,libraries/GyroPoolMath.sol
Gyro3CLPPoolFactory,IAssetManager,node_modules/@balancer-labs/v2-asset-manager-utils/contracts/IAssetManager.sol
Gyro3CLPPoolFactory,BalancerPoolToken,node_modules/@balancer-labs/v2-pool-utils/contracts/BalancerPoolToken.sol
Gyro3CLPPoolFactory,BaseMinimalSwapInfoPool,node_modules/@balancer-labs/v2-pool-utils/contracts/BaseMinimalSwapInfoPool.sol
Gyro3CLPPoolFactory,BasePool,node_modules/@balancer-labs/v2-pool-utils/contracts/BasePool.sol
Gyro3CLPPoolFactory,BasePoolAuthorization,node_modules/@balancer-labs/v2-pool-utils/contracts/BasePoolAuthorization.sol
Gyro3CLPPoolFactory,BasePoolSplitCodeFactory,node_modules/@balancer-labs/v2-pool-utils/contracts/factories/BasePoolSplitCodeFactory.sol
Gyro3CLPPoolFactory,FactoryWidePauseWindow,node_modules/@balancer-labs/v2-pool-utils/contracts/factories/FactoryWidePauseWindow.sol
Gyro3CLPPoolFactory,WeightedMath,node_modules/@balancer-labs/v2-pool-weighted/contracts/WeightedMath.sol
Gyro3CLPPoolFactory,WeightedPoolUserDataHelpers,node_modules/@balancer-labs/v2-pool-weighted/contracts/WeightedPoolUserDataHelpers.sol
Gyro3CLPPoolFactory,Authentication,node_modules/@balancer-labs/v2-solidity-utils/contracts/helpers/Authentication.sol
Gyro3CLPPoolFactory,Errors,node_modules/@balancer-labs/v2-solidity-utils/contracts/helpers/BalancerErrors.sol
Gyro3CLPPoolFactory,BaseSplitCodeFactory,node_modules/@balancer-labs/v2-solidity-utils/contracts/helpers/BaseSplitCodeFactory.sol
Gyro3CLPPoolFactory,CodeDeployer,node_modules/@balancer-labs/v2-solidity-utils/contracts/helpers/CodeDeployer.sol
Gyro3CLPPoolFactory,IAuthentication,node_modules/@balancer-labs/v2-solidity-utils/contracts/helpers/IAuthentication.sol
Gyro3CLPPoolFactory,ISignaturesValidator,node_modules/@balancer-labs/v2-solidity-utils/contracts/helpers/ISignaturesValidator.sol
Gyro3CLPPoolFactory,ITemporarilyPausable,node_modules/@balancer-labs/v2-solidity-utils/contracts/helpers/ITemporarilyPausable.sol
Gyro3CLPPoolFactory,InputHelpers,node_modules/@balancer-labs/v2-solidity-utils/contracts/helpers/InputHelpers.sol
Gyro3CLPPoolFactory,TemporarilyPausable,node_modules/@balancer-labs/v2-solidity-utils/contracts/helpers/TemporarilyPausable.sol
Gyro3CLPPoolFactory,WordCodec,node_modules/@balancer-labs/v2-solidity-utils/contracts/helpers/WordCodec.sol
Gyro3CLPPoolFactory,FixedPoint,node_modules/@balancer-labs/v2-solidity-utils/contracts/math/FixedPoint.sol
Gyro3CLPPoolFactory,LogExpMath,node_modules/@balancer-labs/v2-solidity-utils/contracts/math/LogExpMath.sol
Gyro3CLPPoolFactory,Math,node_modules/@balancer-labs/v2-solidity-utils/contracts/math/Math.sol
Gyro3CLPPoolFactory,IWETH,node_modules/@balancer-labs/v2-solidity-utils/contracts/misc/IWETH.sol
Gyro3CLPPoolFactory,EIP712,node_modules/@balancer-labs/v2-solidity-utils/contracts/openzeppelin/EIP712.sol
Gyro3CLPPoolFactory,ERC20,node_modules/@balancer-labs/v2-solidity-utils/contracts/openzeppelin/ERC20.sol
Gyro3CLPPoolFactory,ERC20Permit,node_modules/@balancer-labs/v2-solidity-utils/contracts/openzeppelin/ERC20Permit.sol
Gyro3CLPPoolFactory,IERC20,node_modules/@balancer-labs/v2-solidity-utils/contracts/openzeppelin/IERC20.sol
Gyro3CLPPoolFactory,IERC20Permit,node_modules/@balancer-labs/v2-solidity-utils/contracts/openzeppelin/IERC20Permit.sol
Gyro3CLPPoolFactory,SafeMath,node_modules/@balancer-labs/v2-solidity-utils/contracts/openzeppelin/SafeMath.sol
Gyro3CLPPoolFactory,IAsset,node_modules/@balancer-labs/v2-vault/contracts/interfaces/IAsset.sol
Gyro3CLPPoolFactory,IAuthorizer,node_modules/@balancer-labs/v2-vault/contracts/interfaces/IAuthorizer.sol
Gyro3CLPPoolFactory,IBasePool,node_modules/@balancer-labs/v2-vault/contracts/interfaces/IBasePool.sol
Gyro3CLPPoolFactory,IFlashLoanRecipient,node_modules/@balancer-labs/v2-vault/contracts/interfaces/IFlashLoanRecipient.sol
Gyro3CLPPoolFactory,IMinimalSwapInfoPool,node_modules/@balancer-labs/v2-vault/contracts/interfaces/IMinimalSwapInfoPool.sol
Gyro3CLPPoolFactory,IPoolSwapStructs,node_modules/@balancer-labs/v2-vault/contracts/interfaces/IPoolSwapStructs.sol
Gyro3CLPPoolFactory,IProtocolFeesCollector,node_modules/@balancer-labs/v2-vault/contracts/interfaces/IProtocolFeesCollector.sol
Gyro3CLPPoolFactory,IVault,node_modules/@balancer-labs/v2-vault/contracts/interfaces/IVault.sol
GyroECLPMath,GyroECLPPoolErrors,contracts/eclp/GyroECLPPoolErrors.sol
GyroECLPMath,GyroFixedPoint,libraries/GyroFixedPoint.sol
GyroECLPMath,GyroPoolMath,libraries/GyroPoolMath.sol
GyroECLPMath,SignedFixedPoint,libraries/SignedFixedPoint.sol
GyroECLPMath,Errors,node_modules/@balancer-labs/v2-solidity-utils/contracts/helpers/BalancerErrors.sol
GyroECLPMath,LogExpMath,node_modules/@balancer-labs/v2-solidity-utils/contracts/math/LogExpMath.sol
GyroECLPMath,Math,node_modules/@balancer-labs/v2-solidity-utils/contracts/math/Math.sol
GyroECLPMath,SafeCast,node_modules/@openzeppelin/contracts/utils/SafeCast.sol
GyroECLPOracleMath,GyroFixedPoint,libraries/GyroFixedPoint.sol
GyroECLPOracleMath,Errors,node_modules/@balancer-labs/v2-solidity-utils/contracts/helpers/BalancerErrors.sol
GyroECLPOracleMath,LogCompression,node_modules/@balancer-labs/v2-solidity-utils/contracts/helpers/LogCompression.sol
GyroECLPOracleMath,LogExpMath,node_modules/@balancer-labs/v2-solidity-utils/contracts/math/LogExpMath.sol
GyroECLPOracleMath,Math,node_modules/@balancer-labs/v2-solidity-utils/contracts/math/Math.sol
GyroECLPPool,ExtensibleWeightedPool2Tokens,contracts/ExtensibleWeightedPool2Tokens.sol
GyroECLPPool,GyroECLPMath,contracts/eclp/GyroECLPMath.sol
GyroECLPPool,GyroECLPOracleMath,contracts/eclp/GyroECLPOracleMath.sol
GyroECLPPool,GyroECLPPoolErrors,contracts/eclp/GyroECLPPoolErrors.sol
GyroECLPPool,IGyroConfig,interfaces/IGyroConfig.sol
GyroECLPPool,GyroConfigKeys,libraries/GyroConfigKeys.sol
GyroECLPPool,GyroFixedPoint,libraries/GyroFixedPoint.sol
GyroECLPPool,GyroPoolMath,libraries/GyroPoolMath.sol
GyroECLPPool,SignedFixedPoint,libraries/SignedFixedPoint.sol
GyroECLPPool,BalancerPoolToken,node_modules/@balancer-labs/v2-pool-utils/contracts/BalancerPoolToken.sol
GyroECLPPool,BasePoolAuthorization,node_modules/@balancer-labs/v2-pool-utils/contracts/BasePoolAuthorization.sol
GyroECLPPool,IPoolPriceOracle,node_modules/@balancer-labs/v2-pool-utils/contracts/interfaces/IPoolPriceOracle.sol
GyroECLPPool,IPriceOracle,node_modules/@balancer-labs/v2-pool-utils/contracts/interfaces/IPriceOracle.sol
GyroECLPPool,Buffer,node_modules/@balancer-labs/v2-pool-utils/contracts/oracle/Buffer.sol
GyroECLPPool,PoolPriceOracle,node_modules/@balancer-labs/v2-pool-utils/contracts/oracle/PoolPriceOracle.sol
GyroECLPPool,QueryProcessor,node_modules/@balancer-labs/v2-pool-utils/contracts/oracle/QueryProcessor.sol
GyroECLPPool,Samples,node_modules/@balancer-labs/v2-pool-utils/contracts/oracle/Samples.sol
GyroECLPPool,WeightedMath,node_modules/@balancer-labs/v2-pool-weighted/contracts/WeightedMath.sol
GyroECLPPool,WeightedPool2TokensMiscData,node_modules/@balancer-labs/v2-pool-weighted/contracts/WeightedPool2TokensMiscData.sol
GyroECLPPool,WeightedPoolUserDataHelpers,node_modules/@balancer-labs/v2-pool-weighted/contracts/WeightedPoolUserDataHelpers.sol
GyroECLPPool,Authentication,node_modules/@balancer-labs/v2-solidity-utils/contracts/helpers/Authentication.sol
GyroECLPPool,Errors,node_modules/@balancer-labs/v2-solidity-utils/contracts/helpers/BalancerErrors.sol
GyroECLPPool,IAuthentication,node_modules/@balancer-labs/v2-solidity-utils/contracts/helpers/IAuthentication.sol
GyroECLPPool,ISignaturesValidator,node_modules/@balancer-labs/v2-solidity-utils/contracts/helpers/ISignaturesValidator.sol
GyroECLPPool,ITemporarilyPausable,node_modules/@balancer-labs/v2-solidity-utils/contracts/helpers/ITemporarilyPausable.sol
GyroECLPPool,InputHelpers,node_modules/@balancer-labs/v2-solidity-utils/contracts/helpers/InputHelpers.sol
GyroECLPPool,LogCompression,node_modules/@balancer-labs/v2-solidity-utils/contracts/helpers/LogCompression.sol
GyroECLPPool,TemporarilyPausable,node_modules/@balancer-labs/v2-solidity-utils/contracts/helpers/TemporarilyPausable.sol
GyroECLPPool,WordCodec,node_modules/@balancer-labs/v2-solidity-utils/contracts/helpers/WordCodec.sol
GyroECLPPool,FixedPoint,node_modules/@balancer-labs/v2-solidity-utils/contracts/math/FixedPoint.sol
GyroECLPPool,LogExpMath,node_modules/@balancer-labs/v2-solidity-utils/contracts/math/LogExpMath.sol
GyroECLPPool,Math,node_modules/@balancer-labs/v2-solidity-utils/contracts/math/Math.sol
GyroECLPPool,IWETH,node_modules/@balancer-labs/v2-solidity-utils/contracts/misc/IWETH.sol
GyroECLPPool,EIP712,node_modules/@balancer-labs/v2-solidity-utils/contracts/openzeppelin/EIP712.sol
GyroECLPPool,ERC20,node_modules/@balancer-labs/v2-solidity-utils/contracts/openzeppelin/ERC20.sol
GyroECLPPool,ERC20Permit,node_modules/@balancer-labs/v2-solidity-utils/contracts/openzeppelin/ERC20Permit.sol
GyroECLPPool,IERC20,node_modules/@balancer-labs/v2-solidity-utils/contracts/openzeppelin/IERC20.sol
GyroECLPPool,IERC20Permit,node_modules/@balancer-labs/v2-solidity-utils/contracts/openzeppelin/IERC20Permit.sol
GyroECLPPool,SafeMath,node_modules/@balancer-labs/v2-solidity-utils/contracts/openzeppelin/SafeMath.sol
GyroECLPPool,IAsset,node_modules/@balancer-labs/v2-vault/contracts/interfaces/IAsset.sol
GyroECLPPool,IAuthorizer,node_modules/@balancer-labs/v2-vault/contracts/interfaces/IAuthorizer.sol
GyroECLPPool,IBasePool,node_modules/@balancer-labs/v2-vault/contracts/interfaces/IBasePool.sol
GyroECLPPool,IFlashLoanRecipient,node_modules/@balancer-labs/v2-vault/contracts/interfaces/IFlashLoanRecipient.sol
GyroECLPPool,IMinimalSwapInfoPool,node_modules/@balancer-labs/v2-vault/contracts/interfaces/IMinimalSwapInfoPool.sol
GyroECLPPool,IPoolSwapStructs,node_modules/@balancer-labs/v2-vault/contracts/interfaces/IPoolSwapStructs.sol
GyroECLPPool,IProtocolFeesCollector,node_modules/@balancer-labs/v2-vault/contracts/interfaces/IProtocolFeesCollector.sol
GyroECLPPool,IVault,node_modules/@balancer-labs/v2-vault/contracts/interfaces/IVault.sol
GyroECLPPool,SafeCast,node_modules/@openzeppelin/contracts/utils/SafeCast.sol
CappedLiquidity,ICappedLiquidity,interfaces/ICappedLiquidity.sol
CappedLiquidity,GyroFixedPoint,libraries/GyroFixedPoint.sol
CappedLiquidity,Errors,node_modules/@balancer-labs/v2-solidity-utils/contracts/helpers/BalancerErrors.sol
CappedLiquidity,LogExpMath,node_modules/@balancer-labs/v2-solidity-utils/contracts/math/LogExpMath.sol
CappedLiquidity,Math,node_modules/@balancer-labs/v2-solidity-utils/contracts/math/Math.sol
ExtensibleWeightedPool2Tokens,GyroFixedPoint,libraries/GyroFixedPoint.sol
ExtensibleWeightedPool2Tokens,BalancerPoolToken,node_modules/@balancer-labs/v2-pool-utils/contracts/BalancerPoolToken.sol
ExtensibleWeightedPool2Tokens,BasePoolAuthorization,node_modules/@balancer-labs/v2-pool-utils/contracts/BasePoolAuthorization.sol
ExtensibleWeightedPool2Tokens,IPoolPriceOracle,node_modules/@balancer-labs/v2-pool-utils/contracts/interfaces/IPoolPriceOracle.sol
ExtensibleWeightedPool2Tokens,IPriceOracle,node_modules/@balancer-labs/v2-pool-utils/contracts/interfaces/IPriceOracle.sol
ExtensibleWeightedPool2Tokens,Buffer,node_modules/@balancer-labs/v2-pool-utils/contracts/oracle/Buffer.sol
ExtensibleWeightedPool2Tokens,PoolPriceOracle,node_modules/@balancer-labs/v2-pool-utils/contracts/oracle/PoolPriceOracle.sol
ExtensibleWeightedPool2Tokens,QueryProcessor,node_modules/@balancer-labs/v2-pool-utils/contracts/oracle/QueryProcessor.sol
ExtensibleWeightedPool2Tokens,Samples,node_modules/@balancer-labs/v2-pool-utils/contracts/oracle/Samples.sol
ExtensibleWeightedPool2Tokens,WeightedMath,node_modules/@balancer-labs/v2-pool-weighted/contracts/WeightedMath.sol
ExtensibleWeightedPool2Tokens,WeightedPool2TokensMiscData,node_modules/@balancer-labs/v2-pool-weighted/contracts/WeightedPool2TokensMiscData.sol
ExtensibleWeightedPool2Tokens,WeightedPoolUserDataHelpers,node_modules/@balancer-labs/v2-pool-weighted/contracts/WeightedPoolUserDataHelpers.sol
ExtensibleWeightedPool2Tokens,Authentication,node_modules/@balancer-labs/v2-solidity-utils/contracts/helpers/Authentication.sol
ExtensibleWeightedPool2Tokens,Errors,node_modules/@balancer-labs/v2-solidity-utils/contracts/helpers/BalancerErrors.sol
ExtensibleWeightedPool2Tokens,IAuthentication,node_modules/@balancer-labs/v2-solidity-utils/contracts/helpers/IAuthentication.sol
ExtensibleWeightedPool2Tokens,ISignaturesValidator,node_modules/@balancer-labs/v2-solidity-utils/contracts/helpers/ISignaturesValidator.sol
ExtensibleWeightedPool2Tokens,ITemporarilyPausable,node_modules/@balancer-labs/v2-solidity-utils/contracts/helpers/ITemporarilyPausable.sol
ExtensibleWeightedPool2Tokens,InputHelpers,node_modules/@balancer-labs/v2-solidity-utils/contracts/helpers/InputHelpers.sol
ExtensibleWeightedPool2Tokens,LogCompression,node_modules/@balancer-labs/v2-solidity-utils/contracts/helpers/LogCompression.sol
ExtensibleWeightedPool2Tokens,TemporarilyPausable,node_modules/@balancer-labs/v2-solidity-utils/contracts/helpers/TemporarilyPausable.sol
ExtensibleWeightedPool2Tokens,WordCodec,node_modules/@balancer-labs/v2-solidity-utils/contracts/helpers/WordCodec.sol
ExtensibleWeightedPool2Tokens,FixedPoint,node_modules/@balancer-labs/v2-solidity-utils/contracts/math/FixedPoint.sol
ExtensibleWeightedPool2Tokens,LogExpMath,node_modules/@balancer-labs/v2-solidity-utils/contracts/math/LogExpMath.sol
ExtensibleWeightedPool2Tokens,Math,node_modules/@balancer-labs/v2-solidity-utils/contracts/math/Math.sol
ExtensibleWeightedPool2Tokens,IWETH,node_modules/@balancer-labs/v2-solidity-utils/contracts/misc/IWETH.sol
ExtensibleWeightedPool2Tokens,EIP712,node_modules/@balancer-labs/v2-solidity-utils/contracts/openzeppelin/EIP712.sol
ExtensibleWeightedPool2Tokens,ERC20,node_modules/@balancer-labs/v2-solidity-utils/contracts/openzeppelin/ERC20.sol
ExtensibleWeightedPool2Tokens,ERC20Permit,node_modules/@balancer-labs/v2-solidity-utils/contracts/openzeppelin/ERC20Permit.sol
ExtensibleWeightedPool2Tokens,IERC20,node_modules/@balancer-labs/v2-solidity-utils/contracts/openzeppelin/IERC20.sol
ExtensibleWeightedPool2Tokens,IERC20Permit,node_modules/@balancer-labs/v2-solidity-utils/contracts/openzeppelin/IERC20Permit.sol
ExtensibleWeightedPool2Tokens,SafeMath,node_modules/@balancer-labs/v2-solidity-utils/contracts/openzeppelin/SafeMath.sol
ExtensibleWeightedPool2Tokens,IAsset,node_modules/@balancer-labs/v2-vault/contracts/interfaces/IAsset.sol
ExtensibleWeightedPool2Tokens,IAuthorizer,node_modules/@balancer-labs/v2-vault/contracts/interfaces/IAuthorizer.sol
ExtensibleWeightedPool2Tokens,IBasePool,node_modules/@balancer-labs/v2-vault/contracts/interfaces/IBasePool.sol
ExtensibleWeightedPool2Tokens,IFlashLoanRecipient,node_modules/@balancer-labs/v2-vault/contracts/interfaces/IFlashLoanRecipient.sol
ExtensibleWeightedPool2Tokens,IMinimalSwapInfoPool,node_modules/@balancer-labs/v2-vault/contracts/interfaces/IMinimalSwapInfoPool.sol
ExtensibleWeightedPool2Tokens,IPoolSwapStructs,node_modules/@balancer-labs/v2-vault/contracts/interfaces/IPoolSwapStructs.sol
ExtensibleWeightedPool2Tokens,IProtocolFeesCollector,node_modules/@balancer-labs/v2-vault/contracts/interfaces/IProtocolFeesCollector.sol
ExtensibleWeightedPool2Tokens,IVault,node_modules/@balancer-labs/v2-vault/contracts/interfaces/IVault.sol
LocallyPausable,ILocallyPausable,interfaces/ILocallyPausable.sol
LocallyPausable,GyroErrors,libraries/GyroErrors.sol
